x_cm,z_cm
-0.052374,-0.005987
-0.083763,-0.009881
-0.102577,-0.012372
-0.108214,-0.013164
0.025303,-0.428025
-1.452675,2.133655
-1.944569,2.886149
-2.541526,2.538386
-2.591241,2.048840
-3.122513,3.576015
-3.631156,4.653338
-4.193022,5.634709
-5.594468,7.522293
-7.307352,10.402298
-19.962103,26.000638
-28.227851,36.989239
-45.226040,59.278845
-58.857497,78.555928
-63.826720,86.897452
-68.110279,94.540780
-71.370405,101.627004
-73.433012,107.326450
-74.737884,111.511325
-75.925094,115.452767
-78.579516,122.974468
-82.016224,132.602077
-84.002510,138.094609
-85.270635,141.573691
-86.848153,145.965945
-87.329946,147.364758
-87.632138,148.236525
-87.996460,149.282065
-88.216637,149.908831
-88.283272,150.096678
-88.323548,150.209280
-88.347847,150.276792
-88.362484,150.317279
-88.371286,150.341563
-88.351139,150.285335
-88.108880,149.508241
-87.189795,146.276872
-85.358938,140.439128
-84.431315,132.983389
-85.081296,130.574612
-85.015649,128.605349
-84.990116,126.572287
-84.984939,125.030453
-84.708676,121.206048
-85.646681,118.550410
-84.604523,113.166275
-83.502902,109.151016
-82.619037,106.573245
-81.310734,103.695402
-80.328135,100.795622
-79.414352,96.178374
-77.937175,91.912124
-77.337891,90.389493
-76.915825,89.319921
-76.198248,87.571601
-76.141285,87.268772
-75.597570,86.305820
-75.429332,86.136775
-70.498795,78.305534
-64.328432,68.562097
-59.103336,59.487555
-57.278953,56.285992
-55.056258,52.389588
-54.387254,51.221895
-53.984715,50.521931
-53.564259,49.838456
-53.437924,49.633540
