x_m,z_m
0.000310,-0.004575
0.000826,-0.012353
0.001808,-0.027384
0.002183,-0.033180
0.002590,-0.039524
0.003016,-0.046254
0.003451,-0.053254
0.003888,-0.060442
0.006063,-0.097048
0.006659,-0.109474
0.007289,-0.117159
0.008505,-0.127939
0.006358,-0.119669
-0.005820,-0.070027
-0.022204,-0.003049
-0.028687,0.023313
-0.043132,0.081676
-0.058645,0.143978
-0.066783,0.176506
-0.075193,0.209995
-0.092384,0.278325
-0.109813,0.347605
-0.127377,0.417558
-0.146792,0.495166
-0.155605,0.530555
-0.173201,0.601583
-0.181970,0.637190
-0.190695,0.672866
-0.208039,0.744328
-0.226768,0.822105
-0.235329,0.857911
-0.243844,0.893743
-0.252325,0.929593
-0.260779,0.965456
-0.279110,1.043328
-0.287558,1.079201
-0.296021,1.115073
-0.304507,1.150941
-0.322982,1.228779
-0.331521,1.264636
-0.340080,1.300489
-0.348657,1.336339
-0.365829,1.408034
-0.374421,1.443879
-0.383015,1.479726
-0.391610,1.515571
-0.410256,1.593368
-0.418845,1.629215
-0.427429,1.665064
-0.436004,1.700914
-0.454594,1.778724
-0.463147,1.814577
-0.471685,1.850432
-0.480205,1.886293
-0.488705,1.922157
-0.497185,1.958027
-0.505639,1.993902
-0.514064,2.029785
-0.530857,2.101562
-0.549010,2.179476
-0.557336,2.215382
-0.565624,2.251295
-0.573877,2.287217
-0.582101,2.323146
-0.599898,2.401141
-0.608074,2.437080
-0.616222,2.473026
-0.624336,2.508979
-0.640484,2.580904
-0.648510,2.616878
-0.656482,2.652863
-0.664393,2.688862
-0.680096,2.760885
-0.687894,2.796908
-0.695644,2.832944
-0.711078,2.905130
-0.726442,2.977508
-0.741676,3.049918
-0.749220,3.086138
-0.764163,3.158613
-0.771565,3.194867
-0.786230,3.267404
-0.793496,3.303686
-0.800701,3.339983
-0.815004,3.412599
-0.822113,3.448916
