t,alt,pitch_deg,pitch_rate_dps,v_forward,v_right,quality,tracked,med_dx,med_dy,med_mag,angle_std_deg,mag_cv
1774739476.515468,1.000000,-1.884959,0.805257,0.001930,0.000257,2,300,0.006256,-0.168411,0.489095,90.540405,1.364328
1774739476.582175,1.000000,-1.875815,-2.883676,0.007102,-0.000187,2,284,-0.037430,0.788200,1.368256,98.601013,1.749021
1774739476.648883,1.000000,-1.862691,-7.576501,0.005124,0.000473,2,272,-0.600861,-1.016388,3.480897,101.324524,1.348070
1774739476.715590,1.000000,-1.879538,3.060677,0.005124,0.000473,2,270,0.242905,0.041618,0.921227,81.745148,1.447870
1774739476.748943,1.000000,-1.942491,4.622277,0.001531,-0.002151,2,267,-0.170532,0.099457,0.856554,111.523354,1.126267
1774739476.815650,1.000000,-1.873753,0.689415,0.010110,0.001985,2,267,0.275146,-0.120667,1.132247,82.729195,1.070513
1774739476.849003,1.000000,-1.859459,4.915230,-0.026203,-0.008805,2,266,-0.026337,-0.391907,0.859098,91.231842,1.367694
1774739476.915710,1.000000,-1.890920,1.099660,-0.026203,-0.008805,2,264,0.097290,-0.005646,0.747630,86.110939,1.064288
1774739476.949062,1.000000,-1.899043,-3.931246,-0.019311,-0.006291,2,264,-0.138748,-0.130722,0.901668,106.425476,1.057316
1774739477.015768,1.000000,-1.904556,-3.898695,-0.016718,-0.004709,2,264,0.119370,0.302597,0.850961,88.520920,0.979640
1774739477.115826,1.000000,-1.875169,3.285609,-0.013102,-0.003332,2,300,0.159470,-0.188568,0.791947,86.952164,0.966172
1774739477.149179,1.000000,-1.867693,5.321813,-0.019206,-0.002724,2,296,-0.054886,0.029373,0.661059,101.491638,1.200396
1774739477.215883,1.000000,-1.911412,-0.572657,-0.013386,-0.003799,2,295,0.042786,0.043854,0.814137,97.498070,1.029489
1774739477.249288,1.000000,-1.871910,0.703649,-0.011294,-0.002469,2,294,-0.061222,-0.188370,0.731427,98.826721,1.124109
1774739477.316097,1.000000,-1.895832,-0.983508,-0.011294,-0.002469,2,293,0.097931,0.138275,0.815207,89.869034,0.999807
1774739477.349502,1.000000,-1.838521,-1.077945,0.020047,-0.002370,2,293,0.000031,-0.019653,0.527532,95.990532,2.244473
1774739477.416314,1.000000,-1.872732,0.641142,0.002207,-0.003014,2,293,-0.012543,0.263794,0.747850,97.820518,1.038236
1774739477.449722,1.000000,-1.969403,-3.313844,0.005824,0.000160,2,293,-0.096619,-0.302368,0.748230,101.066124,1.460204
1774739477.516538,1.000000,-1.878933,-2.187213,0.005824,0.000160,2,291,-0.040558,0.297424,0.686789,99.973511,1.911426
1774739477.616765,1.000000,-1.877538,1.248644,0.014001,0.002289,2,300,-0.036926,-0.028198,0.482735,100.067154,1.414358
1774739477.650176,1.000000,-1.934930,0.895929,-0.000371,0.000720,2,298,-0.003891,-0.107513,0.687476,97.390305,1.539690
1774739477.716999,1.000000,-1.902751,-6.692764,-0.000371,0.000720,2,298,-0.122040,0.448380,0.913746,104.683601,1.058776
1774739477.750411,1.000000,-1.852931,2.607811,0.020842,0.000517,2,298,-0.076263,-0.050941,0.740354,104.279434,1.794963
1774739477.817237,1.000000,-1.958655,5.261494,0.021813,0.002372,2,296,0.056061,-0.094711,0.835935,92.500549,1.251501
1774739477.850651,1.000000,-1.910427,0.199779,0.000160,-0.001270,2,296,0.012970,-0.208328,0.802637,86.883064,1.007769
1774739477.917480,1.000000,-1.843007,-0.407514,0.000160,-0.001270,2,295,-0.088776,0.261932,0.766445,106.520088,0.898083
1774739477.950895,1.000000,-1.891865,3.489490,0.006226,0.003468,2,295,-0.004333,-0.169403,0.652274,95.465904,1.422219
1774739478.017728,1.000000,-1.895688,-1.813686,-0.000949,0.002726,2,294,0.044724,0.022614,0.699751,95.321815,1.087165
1774739478.051146,1.000000,-1.880233,-4.452000,0.001847,0.000120,2,294,0.034943,0.030518,0.620286,95.672173,1.139927
1774739478.117982,1.000000,-1.893208,3.027412,0.001847,0.000120,2,293,-0.005676,0.004333,0.593072,99.289886,1.194703
1774739478.151400,1.000000,-1.867456,2.840612,0.005632,0.000881,2,293,0.027374,-0.010315,0.750577,96.262794,1.094316
1774739478.218239,1.000000,-1.874910,-1.786229,0.002537,-0.000757,2,293,-0.183167,0.300018,0.900164,112.392639,0.937216
1774739478.251603,1.000000,-1.870261,0.293155,0.010832,0.004261,2,292,-0.077682,0.131577,0.719950,107.764503,1.228888
1774739478.318330,1.000000,-1.881188,-3.503753,0.010832,0.004261,2,291,0.016342,0.115662,0.647569,95.277817,1.792068
1774739478.351694,1.000000,-1.889791,-4.158255,0.013997,0.008709,2,291,0.018127,0.019806,0.583579,97.350227,1.152816
1774739478.418421,1.000000,-1.866518,3.086520,-0.000623,0.005521,2,291,0.052429,-0.095123,0.512135,86.862999,1.661476
1774739478.451786,1.000000,-1.898758,-0.408197,-0.007285,0.003793,2,270,-0.160706,0.996567,1.549854,101.918968,1.803676
1774739478.518513,1.000000,-1.808472,0.083372,-0.007285,0.003793,2,269,0.025940,0.133026,0.609495,94.758324,1.164004
1774739478.551877,1.000000,-1.847357,5.456745,0.024552,0.006080,2,269,-0.102417,0.154236,0.754497,107.986015,1.346852
1774739478.618604,1.000000,-1.942432,-3.176662,0.016827,0.004826,2,269,-0.166992,0.442963,0.923538,110.468575,2.110009
1774739478.651969,1.000000,-1.884226,-2.416895,0.028111,0.009134,2,269,-0.162285,0.287476,1.050132,102.183716,1.080303
1774739478.752060,1.000000,-1.882277,2.585179,0.022921,0.007554,2,300,-0.053238,-0.062103,0.494982,101.630173,1.620007
1774739478.818788,1.000000,-1.877200,1.893881,0.022921,0.007554,2,299,-0.024170,0.176483,0.636062,99.281952,1.473758
1774739478.852152,1.000000,-1.871767,-2.183070,0.015108,0.005126,2,298,0.003662,-0.112137,0.600698,91.271667,1.574593
1774739478.918880,1.000000,-1.848040,1.802567,0.015108,0.005126,2,297,-0.101929,0.345093,0.821402,107.136101,1.045712
1774739478.952243,1.000000,-1.873160,-2.816508,0.011970,0.008145,2,296,-0.028763,-0.024124,0.591267,102.993286,1.438872
1774739479.018971,1.000000,-1.868682,0.487131,0.009537,0.008704,2,296,-0.028763,0.006607,0.498921,103.987862,1.389392
1774739479.119063,1.000000,-1.888844,-3.854857,0.006042,0.006828,2,300,0.033806,-0.134644,0.548673,89.058777,1.255287
1774739479.152427,1.000000,-1.906749,2.062119,0.000245,0.003235,2,297,0.017212,-0.126831,0.595295,95.299492,1.134819
1774739479.219155,1.000000,-1.863382,-3.547196,-0.007508,0.003747,2,297,-0.029816,0.043274,0.504117,101.725395,1.093875
1774739479.252519,1.000000,-1.861140,-0.406059,-0.004862,0.002331,2,297,0.018494,0.059814,0.532833,96.913872,1.231688
1774739479.319247,1.000000,-1.850711,3.768709,-0.004862,0.002331,2,297,0.066650,-0.045959,0.519324,87.095909,1.511274
1774739479.352611,1.000000,-1.897938,5.141673,0.009204,0.000877,2,296,-0.060013,-0.005096,0.552620,101.386734,1.312095
1774739479.419339,1.000000,-1.892257,1.411264,-0.003897,-0.001192,2,296,-0.015839,-0.042877,0.513496,97.101868,1.325774
1774739479.452704,1.000000,-1.843758,-0.888534,-0.006401,-0.000166,2,296,-0.078079,0.210571,0.640623,105.486565,1.167620
1774739479.519432,1.000000,-1.877688,3.131437,-0.006401,-0.000166,2,296,0.050964,-0.121429,0.592075,86.240189,1.138662
1774739479.619524,1.000000,-1.869035,-3.104912,0.008049,-0.001881,2,300,-0.028198,0.234650,0.544419,100.023689,1.484383
1774739479.652889,1.000000,-1.877189,2.328613,0.008049,-0.001881,2,295,-0.052063,-0.060425,0.582607,99.433205,1.355237
1774739479.719617,1.000000,-1.904678,-0.853822,0.004718,-0.002537,2,295,0.067993,-0.172485,0.540407,82.545036,1.173272
1774739479.752981,1.000000,-1.895130,0.934771,0.000000,0.000000,2,295,-0.059265,-0.018463,0.530562,103.786377,1.110639
1774739479.819710,1.000000,-1.843738,-0.469659,-0.002028,-0.000034,2,295,-0.051304,0.206421,0.529965,105.877014,1.163175
1774739479.853075,1.000000,-1.882656,1.065142,0.000171,0.000280,2,293,-0.078369,-0.000763,0.514159,107.518913,1.363739
1774739479.886438,1.000000,-1.882353,-7.372127,0.000171,0.000280,2,242,0.170074,1.734528,3.081223,86.076874,1.325876
1774739479.986532,1.000000,-1.942582,-3.664965,0.004074,-0.000319,2,300,0.048431,-0.197647,0.572408,87.606079,1.333169
1774739480.053260,1.000000,-1.895106,-3.162893,0.000602,-0.000594,2,287,-0.538849,-1.895081,3.230294,92.003174,1.273823
1774739480.086624,1.000000,-1.799383,4.261654,0.000602,-0.000594,2,261,0.568695,1.990417,3.974785,79.630608,1.268046
1774739480.220082,1.000000,-1.877359,-2.343146,-0.001597,0.002407,2,291,-0.701050,-0.950073,3.018005,101.000809,1.378979
1774739480.253446,1.000000,-1.929496,-2.109187,-0.000341,0.001824,2,284,-0.014240,0.038849,0.541620,97.423836,1.552259
1774739480.320176,1.000000,-1.930478,-7.644862,-0.000341,0.001824,2,280,-0.090912,0.097565,0.638568,111.529411,1.237851
1774739480.353540,1.000000,-1.860065,0.113753,0.006228,0.006624,2,279,0.030731,0.078033,0.521848,95.190475,1.327360
1774739480.420270,1.000000,-1.807204,5.404314,0.005265,0.007865,2,278,-0.017258,0.003891,0.495326,99.550102,1.192411
1774739480.453636,1.000000,-1.907638,-0.600296,0.004377,0.004836,2,278,-0.067966,0.137512,0.603668,105.515678,1.292367
1774739480.487000,1.000000,-1.895119,-8.999790,0.004377,0.004836,2,250,0.390839,2.222885,3.885966,83.647072,1.234768
1774739480.553730,1.000000,-1.845194,2.163295,0.010237,0.005166,2,245,-0.307251,-1.488861,2.276118,92.427582,1.403969
1774739480.587096,1.000000,-1.892245,2.713765,0.005997,0.000530,2,248,-0.022217,-0.047714,0.509121,98.056725,1.573092
1774739480.653826,1.000000,-1.872964,0.685519,0.003601,0.000836,2,245,-0.317871,-1.145935,2.042410,97.218681,1.436494
1774739480.720555,1.000000,-1.851150,-0.679148,0.003601,0.000836,2,245,0.033417,-0.041229,0.513165,96.319870,1.040785
1774739480.854015,1.000000,-1.913820,-5.082787,-0.007005,0.000602,2,300,-0.025955,0.003296,0.465960,99.640572,1.913046
1774739480.887380,1.000000,-1.843060,1.846757,-0.007005,0.000602,2,249,0.378845,2.131409,4.806696,80.750755,1.290683
1774739480.954110,1.000000,-1.907483,4.257330,-0.002888,-0.002929,2,238,-0.276550,-0.996780,1.901342,94.330704,1.537402
1774739481.020840,1.000000,-1.887618,-2.206623,-0.004934,-0.002572,2,233,-0.400696,-1.427765,2.379008,91.906776,1.413174
1774739481.087569,1.000000,-1.862083,1.970593,-0.002334,-0.002760,2,249,0.538330,1.534393,3.494833,84.824875,1.321006
1774739481.154299,1.000000,-1.886911,-1.527395,0.003112,0.001780,2,300,-0.005142,0.060928,0.491109,100.436958,1.167266
1774739481.221030,1.000000,-1.923331,-6.445828,-0.009960,-0.000233,2,298,0.027264,-0.074905,0.570088,92.547867,0.990049
1774739481.254395,1.000000,-1.884369,-2.095640,-0.007090,-0.001490,2,298,-0.003098,0.043365,0.587356,98.041550,1.424652
1774739481.321126,1.000000,-1.914081,-0.477792,-0.007090,-0.001490,2,298,-0.010553,-0.067886,0.549521,96.383560,1.411114
1774739481.421221,1.000000,-1.859446,2.732662,0.001539,-0.003329,2,300,-0.012901,-0.047531,0.500683,100.078835,1.450889
1774739481.487952,1.000000,-1.888264,-1.646452,0.001252,-0.001422,2,243,0.665649,1.355377,3.776986,84.609924,1.292547
1774739481.554682,1.000000,-1.888794,1.027759,-0.007121,-0.004510,2,233,-0.252441,-0.645172,1.713244,99.058716,1.873362
1774739481.621413,1.000000,-1.896144,3.577924,-0.002124,-0.003012,2,229,0.020142,-0.161285,0.693269,91.051376,1.984797
1774739481.654779,1.000000,-1.898653,4.402329,-0.002735,-0.003215,2,229,0.023224,0.137604,0.656619,94.996307,1.251252
1774739481.721510,1.000000,-1.844506,2.181017,-0.002735,-0.003215,2,226,-0.016510,-0.007858,0.613290,97.013649,1.067044
1774739481.754875,1.000000,-1.892765,-1.437419,0.013099,-0.004821,2,226,-0.027405,0.095581,0.606519,101.727493,1.226218
1774739481.821606,1.000000,-1.849633,-6.194140,0.011617,-0.003650,2,226,0.079773,-0.048416,0.585908,89.043602,1.443402
1774739481.854972,1.000000,-1.847479,-4.520836,0.007786,-0.006859,2,226,-0.038666,-0.062119,0.631143,98.599831,1.309069
1774739481.921703,1.000000,-1.842280,2.222465,0.007786,-0.006859,2,226,0.124237,-0.348633,0.790371,81.327629,1.257544
1774739481.955068,1.000000,-1.864447,0.507213,0.002028,-0.005464,2,226,0.266800,-0.108797,0.903471,81.248413,1.084138
1774739482.021799,1.000000,-1.888906,4.151683,-0.019355,-0.011212,2,225,-0.161926,0.149902,0.801110,106.468941,1.089031
1774739482.055165,1.000000,-1.906356,3.749373,-0.008525,-0.005876,2,225,0.069153,0.193726,0.803481,93.901077,1.370935
1774739482.088530,1.000000,-1.903305,-0.244770,-0.008525,-0.005876,2,218,0.511581,0.216583,1.574971,86.200066,1.640699
1774739482.155261,1.000000,-1.846094,1.795809,-0.000217,-0.005451,2,217,-0.019135,-0.752686,1.537428,86.711098,1.731977
1774739482.188627,1.000000,-1.865187,2.953742,-0.007605,-0.006340,2,216,-0.038849,0.254929,1.783840,102.149460,1.590350
1774739482.322083,1.000000,-1.848352,-4.741084,-0.001038,0.003891,2,292,-0.670883,-1.414673,3.897772,101.595253,1.204386
1774739482.355445,1.000000,-1.844421,5.628978,0.001211,0.002998,2,299,-0.079956,-0.400604,1.655189,98.743690,1.589865
1774739482.422170,1.000000,-1.881868,3.464123,-0.007384,0.000780,2,296,-0.006668,-0.352402,0.789449,89.898430,1.418067
1774739482.455533,1.000000,-1.858338,-2.956464,0.011043,-0.002829,2,294,0.122704,0.050568,0.738831,87.388687,1.352617
1774739482.522257,1.000000,-1.872034,0.658893,0.011043,-0.002829,2,292,-0.140869,-0.059540,0.786436,105.976723,1.122517
1774739482.555619,1.000000,-1.902930,-0.811072,0.005198,-0.001621,2,291,0.008240,0.032135,0.708978,97.429207,1.195123
1774739482.622344,1.000000,-1.868710,0.438656,-0.008675,0.000594,2,291,-0.088257,0.061157,0.617422,107.570915,1.587952
1774739482.655706,1.000000,-1.867568,-2.055194,-0.008675,0.000594,2,290,0.079056,0.029465,0.698689,94.389130,1.362408
1774739482.689068,1.000000,-1.893064,-0.997637,-0.003367,0.000076,2,281,0.209045,0.491272,1.527758,87.375847,1.716873
1774739482.755792,1.000000,-1.870441,0.097096,-0.003270,0.001936,2,268,-0.281830,-0.624893,1.545939,102.343422,1.569614
1774739482.789155,1.000000,-1.874801,0.578313,-0.004804,0.001840,2,265,0.179749,0.534271,1.398976,92.110458,1.796795
1774739482.922604,1.000000,-1.913675,0.044970,-0.004804,0.001840,2,277,-0.940735,-1.189789,3.721498,101.421555,1.196860
1774739482.955965,1.000000,-1.828012,4.162280,-0.004804,0.001840,2,273,0.057251,0.206360,0.885508,95.371300,2.866547
1774739483.022689,1.000000,-1.899101,5.998960,-0.004804,0.001840,2,273,0.082703,-0.246979,0.842825,87.463875,1.296418
1774739483.122776,1.000000,-1.833969,-1.409954,-0.003302,0.000967,2,300,-0.061249,0.066040,0.491242,105.636345,1.186032
1774739483.156138,1.000000,-1.879262,-1.989717,0.014961,0.002190,2,297,0.081299,0.132904,0.902057,92.338783,0.995924
1774739483.189500,1.000000,-1.895933,-4.267784,0.004557,-0.001468,2,289,0.031311,0.394592,1.351220,95.583847,2.102899
1774739483.256224,1.000000,-1.862644,3.183853,0.003615,-0.002100,2,285,-0.118134,-0.638763,1.558177,91.251854,1.732427
1774739483.289587,1.000000,-1.888887,1.387983,0.003615,-0.002100,2,282,0.134216,0.364563,1.257400,90.907532,1.814081
1774739483.356314,1.000000,-1.901718,-8.823419,0.003615,-0.002100,2,277,-0.093262,-0.524780,1.276217,99.003456,1.797328
1774739483.423041,1.000000,-1.826867,-1.379035,0.000833,-0.000560,2,277,-0.091309,0.002014,0.858881,102.077591,1.277354
1774739483.456405,1.000000,-1.890816,-1.490445,0.003388,-0.000488,2,276,-0.025497,0.039124,0.870781,99.339157,1.887291
1774739483.523132,1.000000,-1.926256,-4.830040,0.003388,-0.000488,2,276,-0.052164,0.023163,0.849172,99.445412,1.690719
1774739483.556495,1.000000,-1.853060,1.267445,0.006180,0.000632,2,274,0.192535,0.141602,0.801013,91.926682,1.694689
1774739483.623222,1.000000,-1.929962,2.638677,0.004549,-0.000835,2,274,-0.186066,-0.147202,0.915760,108.502007,1.808601
1774739483.723313,1.000000,-1.856622,-2.586294,0.004733,0.002214,2,300,-0.053345,-0.060516,0.469242,105.179909,1.408578
1774739483.756675,1.000000,-1.883919,-4.384867,-0.002163,-0.004788,2,299,0.170746,0.191345,0.918173,90.636673,1.880825
1774739483.823403,1.000000,-1.883554,-1.827121,-0.001233,-0.002336,2,299,0.096802,-0.151154,0.608373,84.744942,1.551274
1774739483.890129,1.000000,-1.862314,3.124595,-0.007247,-0.001649,2,230,0.558640,1.844116,4.971172,79.928207,1.228482
1774739483.956856,1.000000,-1.853775,-0.100069,-0.005500,-0.000981,2,228,-0.267155,-0.310379,1.222271,104.402542,1.481344
1774739484.023583,1.000000,-1.867467,0.285261,-0.000612,0.000140,2,214,-0.577148,-1.378983,3.589866,101.064095,1.392600
1774739484.123674,1.000000,-1.868609,-6.018093,-0.001536,-0.000245,2,300,0.004959,-0.036865,0.545436,94.191910,1.189961
1774739484.157037,1.000000,-1.867918,-2.430660,-0.001903,-0.001384,2,293,0.121094,0.579369,1.270501,93.297646,2.095573
1774739484.223764,1.000000,-1.861428,0.024878,-0.001748,-0.001251,2,292,-0.111481,-0.470108,1.078991,96.799461,2.023199
1774739484.257128,1.000000,-1.874311,0.770843,-0.000852,-0.000847,2,286,0.084579,0.285049,1.206635,94.577545,1.929778
1774739484.323857,1.000000,-1.893458,-1.346277,-0.000852,-0.000847,2,284,-0.213547,-0.263794,1.232669,105.837608,2.409021
1774739484.357221,1.000000,-1.837992,1.209281,0.007148,-0.000462,2,283,-0.033081,0.360229,1.185840,97.244453,1.950963
1774739484.423950,1.000000,-1.858677,0.088789,0.006976,0.004059,2,283,-0.040405,-0.258301,1.111692,97.911758,2.203957
1774739484.457315,1.000000,-1.913298,-4.927703,0.005077,0.002358,2,279,0.063782,0.386108,1.443685,94.984245,2.048422
1774739484.557409,1.000000,-1.832410,1.691713,0.009104,0.001874,2,300,0.109406,-0.046951,0.598663,88.072830,1.151256
1774739484.590774,1.000000,-1.906760,3.416319,0.000621,-0.002775,2,300,0.041031,0.155853,0.893511,96.251839,2.129947
1774739484.724232,1.000000,-1.829244,-1.977844,0.006906,0.000990,2,278,-0.815903,-1.630295,5.722178,96.784523,1.177496
1774739484.757596,1.000000,-1.884038,0.732751,-0.009069,0.000572,2,300,-0.098713,-0.047821,0.866777,104.966644,1.528205
1774739484.857690,1.000000,-1.865011,3.091595,-0.003367,-0.003277,2,300,0.167572,-0.196121,0.701282,83.673462,1.264805
1774739484.957784,1.000000,-1.875807,2.455224,-0.003390,-0.001702,2,300,-0.035049,0.029022,0.461443,103.602089,1.180568
1774739485.024513,1.000000,-1.859012,0.029639,-0.002938,-0.002304,2,295,-0.102539,-0.546326,1.309353,95.636818,2.356800
1774739485.024513,1.000000,-1.892123,-1.005321,-0.004184,-0.002456,2,295,-0.102539,-0.546326,1.309353,95.636818,2.356800
1774739485.124607,1.000000,-1.907814,-3.490814,-0.004184,-0.002456,2,292,0.060112,-0.160004,0.647991,86.633759,1.419387
1774739485.157971,1.000000,-1.875831,-2.543554,-0.005773,-0.005893,2,276,0.138542,0.709198,1.515600,91.691460,1.748031
1774739485.224700,1.000000,-1.917780,3.870265,-0.005753,-0.001907,2,272,-0.071289,-0.749664,1.448888,92.861496,2.058398
1774739485.258065,1.000000,-1.876244,3.357550,-0.009583,-0.001926,2,264,0.103943,0.545288,1.548201,90.765175,1.649184
1774739485.291429,1.000000,-1.867965,2.017578,-0.009583,-0.001926,2,234,0.401184,2.436096,4.650436,76.389603,1.577312
1774739485.358156,1.000000,-1.887105,3.619648,0.004689,-0.002314,2,263,-0.091217,0.141586,0.585266,110.355148,1.036709
1774739485.424883,1.000000,-1.855577,1.972896,-0.000155,-0.000869,2,260,-0.152382,-0.546585,1.323488,101.811371,1.773195
1774739485.458247,1.000000,-1.871001,-2.351391,-0.005370,-0.000331,2,259,0.128235,0.829773,1.664431,88.846336,1.757421
1774739485.491610,1.000000,-1.869318,0.430076,-0.005370,-0.000331,2,259,0.074158,0.027649,0.724241,91.197739,0.995406
1774739485.558337,1.000000,-1.852162,-0.487991,-0.001771,-0.001022,2,259,-0.148804,-0.053772,0.803040,108.400574,1.072582
1774739485.625064,1.000000,-1.863151,2.250498,-0.000050,0.000940,2,257,-0.154236,-0.807129,1.536518,98.359985,1.696084
1774739485.658428,1.000000,-1.866535,0.403053,-0.005095,0.001438,2,250,0.144897,0.525253,1.435009,89.027046,1.769533
1774739485.691792,1.000000,-1.884808,-6.673855,-0.005095,0.001438,2,250,0.095398,0.223297,0.638827,86.844833,1.138597
1774739485.758518,1.000000,-1.863259,2.982242,-0.000597,-0.000661,2,250,-0.123520,-0.014175,0.773415,108.936821,1.033963
1774739485.825246,1.000000,-1.940488,3.794763,-0.001329,0.004238,2,244,-0.914551,-0.542023,3.493218,110.083549,1.448142
1774739485.858610,1.000000,-1.854800,-2.620950,0.009226,0.006542,2,241,0.351807,1.077423,2.175607,81.166771,1.587077
1774739485.891973,1.000000,-1.868839,3.116218,0.009226,0.006542,2,240,-0.036346,-0.083084,0.701051,96.926018,1.025117
1774739485.958700,1.000000,-1.937440,4.975073,0.002787,-0.000888,2,239,-0.033203,-0.074799,0.764706,101.931793,1.044643
1774739485.992064,1.000000,-1.922391,-4.897958,0.002451,-0.001226,2,239,0.024551,-0.047394,0.563238,95.541107,1.205801
1774739486.058791,1.000000,-1.875327,-7.052990,-0.001251,-0.001372,2,238,-0.060577,-0.171844,0.637807,99.969566,1.102420
1774739486.092155,1.000000,-1.881432,4.706438,-0.001251,-0.001372,2,238,-0.017273,0.089844,0.715915,99.752563,1.282101
1774739486.158882,1.000000,-1.939059,1.350354,0.006357,-0.001437,2,237,0.036316,-0.150238,0.713760,87.885384,1.448323
1774739486.225609,1.000000,-1.883059,-4.634249,0.002585,-0.001821,2,236,-0.312317,-0.693993,1.642361,100.156807,1.740504
1774739486.258972,1.000000,-1.891783,3.324787,0.001439,0.000272,2,233,0.304077,0.444519,2.030377,87.720161,1.687078
1774739486.292338,1.000000,-1.874888,2.072618,0.001439,0.000272,2,233,0.031738,0.052277,0.583221,93.271912,1.488967
1774739486.359069,1.000000,-1.851989,1.806216,0.002934,-0.000643,2,233,-0.069550,-0.041626,0.545705,104.837601,1.166002
1774739486.392435,1.000000,-1.863671,-1.982956,0.003077,-0.000082,2,232,-0.056427,0.046387,0.602917,106.173195,1.090691
1774739486.459166,1.000000,-1.868203,-2.331520,0.006931,0.002619,2,232,0.012070,-0.078415,0.763474,93.897728,0.947549
1774739486.525898,1.000000,-1.880985,1.310990,0.006931,0.002619,2,231,-0.365112,-0.586121,1.656562,105.048042,1.841888
1774739486.625994,1.000000,-1.886862,3.557116,-0.002449,-0.002824,2,300,-0.030930,-0.012802,0.482422,102.916016,1.370713
1774739486.659361,1.000000,-1.888480,-4.886987,-0.000978,-0.001166,2,271,0.300720,0.825073,1.944501,89.678673,1.452257
1774739486.726092,1.000000,-1.854356,1.818912,-0.000978,-0.001166,2,263,-0.260345,-0.569214,1.453035,99.918686,1.564984
1774739486.759457,1.000000,-1.869821,3.544126,-0.002703,0.000153,2,239,0.368835,0.810516,1.871229,85.709839,2.513135
1774739486.826189,1.000000,-1.895978,-0.543174,-0.002747,-0.000419,2,260,0.000015,-0.104706,0.593239,92.516014,1.143934
1774739486.859555,1.000000,-1.836298,1.220495,-0.016152,0.001534,2,239,0.292297,0.633972,1.973244,87.678879,1.502209
1774739486.926286,1.000000,-1.882017,5.155353,-0.016152,0.001534,2,234,-0.129898,-0.578934,1.690027,98.253334,1.632231
1774739486.959652,1.000000,-1.947558,1.487643,-0.009394,-0.004499,2,224,0.098557,0.822372,1.885736,92.175827,1.609218
1774739486.993018,1.000000,-1.863225,-7.247089,-0.003490,-0.001896,2,224,0.063080,0.061569,0.654001,85.326782,1.157495
1774739487.059750,1.000000,-1.822933,0.821739,-0.007420,-0.002012,2,224,0.056984,-0.119614,0.597447,85.408035,1.324294
1774739487.126481,1.000000,-1.934516,0.763621,-0.007420,-0.002012,2,224,-0.167664,-0.524475,1.516142,98.489403,1.749250
1774739487.159847,1.000000,-1.958322,-3.837448,-0.009596,-0.001621,2,223,0.307739,0.712097,1.658746,90.726967,1.568535
1774739487.226578,1.000000,-1.844551,1.065308,-0.005032,-0.001122,2,221,-0.446350,-0.845673,1.830223,97.825935,1.527388
1774739487.259945,1.000000,-1.876541,1.926684,0.000490,-0.001354,2,215,0.277130,0.898743,1.918240,87.201004,1.585866
1774739487.293309,1.000000,-1.888530,-2.016793,0.000490,-0.001354,2,215,-0.013550,-0.060394,0.524343,93.306778,1.079528
1774739487.360037,1.000000,-1.899248,-0.608223,0.010383,0.000094,2,215,0.080322,-0.069000,0.629687,88.548164,1.171856
